[
  {
    "name": "theme_info",
    "theme_name": "Venture",
    "theme_author": "Shopify",
    "theme_version": "6.0.0",
    "theme_documentation_url": "https://help.shopify.com/manual/using-themes/themes-by-shopify/venture",
    "theme_support_url": "https://support.shopify.com/"
  },
  {
    "name": "Colors",
    "settings": [
      {
        "type": "header",
        "content": "Header"
      },
      {
        "type": "color",
        "id": "color_header_bg",
        "label": "Background",
        "default": "#000"
      },
      {
        "type": "color",
        "id": "color_header_links",
        "label": "Links",
        "default": "#fff"
      },
      {
        "type": "header",
        "content": "Page"
      },
      {
        "type": "color",
        "id": "color_body_bg",
        "label": "Page background",
        "default": "#fff"
      },
      {
        "type": "color",
        "id": "color_content_bg",
        "label": "Content background",
        "default": "#fff"
      },
      {
        "type": "color",
        "id": "color_body_headings",
        "label": "Heading text",
        "default": "#1a1a1a"
      },
      {
        "type": "color",
        "id": "color_body_text",
        "label": "Body text",
        "info": "This text should be clearly visible against page and content backgrounds colors",
        "default": "#666"
      },
      {
        "type": "color",
        "id": "color_button_bg",
        "label": "Buttons, links, and promotion bar",
        "default": "#006eff"
      },
      {
        "type": "color",
        "id": "color_button_text",
        "label": "Button text",
        "default": "#fff"
      },
      {
        "type": "header",
        "content": "Footer"
      },
      {
        "type": "color",
        "id": "color_footer_bg",
        "label": "Background",
        "default": "#000"
      },
      {
        "type": "color",
        "id": "color_footer_text",
        "label": "Text",
        "default": "#fff"
      },
      {
        "type": "header",
        "content": "Slideshow titles"
      },
      {
        "type": "color",
        "id": "color_hero_text",
        "label": "Text",
        "default": "#fff"
      },
      {
        "type": "color",
        "id": "color_hero_bg",
        "label": "Text background",
        "default": "#006eff"
      }
    ]
  },
  {
    "name": "Typography",
    "settings": [
      {
        "type": "header",
        "content": "Accent text"
      },
      {
        "type": "font_picker",
        "id": "type_accent_family",
        "label": "Font",
        "default": "unica_one_n4"
      },
      {
        "type": "checkbox",
        "id": "type_accent_spacing",
        "label": "Space letters",
        "default": true
      },
      {
        "type": "checkbox",
        "id": "type_accent_transform",
        "label": "Capitalize letters",
        "default": true
      },
      {
        "type": "header",
        "content": "Body text"
      },
      {
        "type": "font_picker",
        "id": "type_base_family",
        "label": "Font",
        "default": "karla_n4"
      },
      {
        "type": "select",
        "id": "type_base_size",
        "label": "Size",
        "options": [
          {
            "value": "14px",
            "label": "14px"
          },
          {
            "value": "15px",
            "label": "15px"
          },
          {
            "value": "16px",
            "label": "16px"
          },
          {
            "value": "17px",
            "label": "17px"
          }
        ]
      },
      {
        "type": "header",
        "content": "Navigation and buttons"
      },
      {
        "type": "select",
        "id": "type_nav_size",
        "label": "Size",
        "options": [
          {
            "value": "14px",
            "label": "14px"
          },
          {
            "value": "15px",
            "label": "15px"
          },
          {
            "value": "16px",
            "label": "16px"
          },
          {
            "value": "17px",
            "label": "17px"
          }
        ]
      },
      {
        "type": "checkbox",
        "id": "type_nav_spacing",
        "label": "Space letters",
        "default": true
      },
      {
        "type": "checkbox",
        "id": "type_nav_transform",
        "label": "Capitalize letter",
        "default": true
      }
    ]
  },
  {
    "name": "Collection page",
    "settings": [
      {
        "type": "checkbox",
        "id": "product_images_padding",
        "label": "Show frame around images",
        "default": true
      },
      {
        "type": "checkbox",
        "id": "product_vendor_enable",
        "label": "Show product vendor"
      }
    ]
  },
  {
    "name": "Social media",
    "settings": [
      {
        "type": "header",
        "content": "Social sharing image"
      },
      {
        "type": "image_picker",
        "id": "share_image",
        "label": "Image",
        "info": "Shown when sharing a link on social media. [Learn more](https://help.shopify.com/manual/using-themes/troubleshooting/showing-social-media-thumbnail-images/) about image thumbnails."
      },
      {
        "type": "header",
        "content": "Accounts"
      },
      {
        "type": "text",
        "id": "social_facebook_link",
        "label": "Facebook",
        "info": "https://www.facebook.com/shopify"
      },
      {
        "type": "text",
        "id": "social_twitter_link",
        "label": "Twitter",
        "info": "https://twitter.com/shopify"
      },
      {
        "type": "text",
        "id": "social_pinterest_link",
        "label": "Pinterest",
        "info": "https://www.pinterest.com/shopify"
      },
      {
        "type": "text",
        "id": "social_instagram_link",
        "label": "Instagram",
        "info": "https://instagram.com/shopify"
      },
      {
        "type": "text",
        "id": "social_tumblr_link",
        "label": "Tumblr",
        "info": "http://shopify.tumblr.com"
      },
      {
        "type": "text",
        "id": "social_snapchat_link",
        "label": "Snapchat",
        "info": "https://www.snapchat.com/add/shopify"
      },
      {
        "type": "text",
        "id": "social_youtube_link",
        "label": "YouTube",
        "info": "https://www.youtube.com/user/shopify"
      },
      {
        "type": "text",
        "id": "social_vimeo_link",
        "label": "Vimeo",
        "info": "https://vimeo.com/shopify"
      },
      {
        "type": "header",
        "content": "Sharing"
      },
      {
        "type": "checkbox",
        "id": "share_facebook",
        "label": "Share on Facebook",
        "default": true
      },
      {
        "type": "checkbox",
        "id": "share_twitter",
        "label": "Tweet on Twitter",
        "default": true
      },
      {
        "type": "checkbox",
        "id": "share_pinterest",
        "label": "Pin on Pinterest",
        "default": true
      }
    ]
  },
  {
    "name": "Favicon",
    "settings": [
      {
        "type": "image_picker",
        "id": "favicon",
        "label": "Favicon image",
        "info": "Will be scaled down to 32 x 32px"
      }
    ]
  }
]