{"current":{"color_header_bg":"#ffffff","color_header_links":"#000000","color_body_bg":"#ffffff","color_content_bg":"#ffffff","color_body_headings":"#000000","color_body_text":"#000000","color_button_bg":"#ffa7d7","color_button_text":"#fff7f7","color_footer_bg":"#f0e1ed","color_footer_text":"#141212","color_hero_text":"#000000","color_hero_bg":"#ffffff","type_accent_family":"lato_n4","type_accent_spacing":false,"type_accent_transform":false,"type_base_family":"merriweather_sans_n3","type_base_size":"15px","type_nav_size":"15px","type_nav_spacing":false,"type_nav_transform":false,"product_images_padding":true,"product_vendor_enable":false,"share_image":"","social_facebook_link":"https:\/\/www.facebook.com\/rinodeal\/","social_twitter_link":"","social_pinterest_link":"","social_instagram_link":"https:\/\/www.instagram.com\/rinodeal\/","social_tumblr_link":"","social_snapchat_link":"","social_youtube_link":"https:\/\/www.youtube.com\/rinodeal\/","social_vimeo_link":"","share_facebook":true,"share_twitter":true,"share_pinterest":true,"favicon":"shopify:\/\/shop_images\/35923580_1854265427968622_5117625430660087808_n.png","checkout_header_image":"shopify:\/\/shop_images\/cat-nose_4460x4460_8d7839a3-7d4e-4ee0-b7a1-ca23494c35ba.jpg","checkout_logo_image":"shopify:\/\/shop_images\/35923580_1854265427968622_5117625430660087808_n.png","checkout_logo_position":"right","checkout_logo_size":"large","checkout_body_background_image":"","checkout_body_background_color":"#fff","checkout_input_background_color_mode":"white","checkout_sidebar_background_image":"","checkout_sidebar_background_color":"#fafafa","checkout_heading_font":"-apple-system, BlinkMacSystemFont, 'Segoe UI', Roboto, Helvetica, Arial, sans-serif, 'Apple Color Emoji', 'Segoe UI Emoji', 'Segoe UI Symbol'","checkout_body_font":"-apple-system, BlinkMacSystemFont, 'Segoe UI', Roboto, Helvetica, Arial, sans-serif, 'Apple Color Emoji', 'Segoe UI Emoji', 'Segoe UI Symbol'","checkout_accent_color":"#f4743c","checkout_button_color":"#f4743c","checkout_error_color":"#e32c2b","checkout_banner_background_color":"#fff","checkout_call_to_action_color":"#f4743c","checkout_use_header_image":false,"color_newsletter_input":"#425154","sections":{"slideshow":{"type":"slideshow","blocks":{"1528967325002":{"type":"slide","settings":{"image":"shopify:\/\/shop_images\/library-books.jpg","title":"","subheading":"","link":""}},"placeholder":{"type":"slide","settings":{"image":"shopify:\/\/shop_images\/female-camper-holding-supplies-in-front-of-tent.jpg","title":"","subheading":"","link":""}},"1528967230342":{"type":"slide","settings":{"image":"shopify:\/\/shop_images\/person-walking-bike-on-sidewalk.jpg","title":"","subheading":"Backpack","link":"shopify:\/\/collections\/backpack"}},"1528967307587":{"type":"slide","settings":{"image":"shopify:\/\/shop_images\/writing-sationary.jpg","title":"","subheading":"","link":""}}},"block_order":["1528967325002","placeholder","1528967230342","1528967307587"],"settings":{}},"footer":{"type":"footer","blocks":{"linklist":{"type":"menu","settings":{"link_list":"footer"}},"1529834348915":{"type":"newsletter","settings":{"color_newsletter_input":"#ffffff","color_newsletter_input_text":"#000000","title":"Be in the know","subheading":"<p>Sign up for the latest news, offers and styles<\/p>"}}},"block_order":["linklist","1529834348915"],"settings":{}},"featured-collections":{"type":"featured-collections","blocks":{"featured-collections-1":{"type":"collection","settings":{"collection":"pencil-case"}},"1529143481506":{"type":"collection","settings":{"collection":"backpack"}},"1529590679074":{"type":"collection","settings":{"collection":"squishy-toy"}},"1529844390401":{"type":"collection","settings":{"collection":"gel-pens-pencil"}}},"block_order":["featured-collections-1","1529143481506","1529590679074","1529844390401"],"settings":{"stretch_collection_image":false}},"featured-products":{"type":"featured-products","settings":{"collection":"unicorn","rows":1}},"image-content":{"type":"image-content","blocks":{"image-content-0":{"type":"image_block","settings":{"image":"shopify:\/\/shop_images\/back-to-school-flatlay.jpg"}}},"block_order":["image-content-0"],"settings":{}},"header":{"type":"header","settings":{"logo":"shopify:\/\/shop_images\/35923580_1854265427968622_5117625430660087808_n.png","logo_max_width":"200","main_linklist":"main-menu","promo_bar_enable":true,"promo_bar_text":"Free shipping for oder over 50$","promo_bar_link":""}},"collection-filters":{"type":"collection-filters","settings":{"product_tags_enable":true,"product_sorting_enable":true}},"1529377531442":{"type":"featured-products","settings":{"collection":"cat","rows":1}},"1529378374611":{"type":"featured-products","settings":{"collection":"flamingo","rows":1}},"list-collections-template":{"type":"list-collections-template","settings":{"display_type":"all","layout":"grid","sort":"alphabetical"}},"featured-products-subsection":{"type":"featured-products-subsection","settings":{"collection":""}},"product-template":{"type":"product-template","settings":{"enable_ajax":true,"stock_enable":false,"enable_payment_button":false,"social_sharing_products":true}},"cart-template":{"type":"cart-template","settings":{"cart_notes_enable":true}},"1529580556896":{"type":"brand-list","blocks":{"1529580556896-0":{"type":"logo","settings":{"image":"shopify:\/\/shop_images\/children-sharing-and-playing-with-toys.jpg"}},"1529580556896-4":{"type":"logo","settings":{"image":"shopify:\/\/shop_images\/toddler-with-sign-for-mom.jpg"}},"1529580556896-5":{"type":"logo","settings":{"image":"shopify:\/\/shop_images\/sibblings-smiling-at-park.jpg"}},"1529580556896-6":{"type":"logo","settings":{"image":"shopify:\/\/shop_images\/family-feet.jpg"}}},"block_order":["1529580556896-0","1529580556896-4","1529580556896-5","1529580556896-6"],"settings":{"title":""}},"1529728330853":{"type":"featured-products","settings":{"collection":"star-war","rows":1}},"1529845986513":{"type":"rich-text","settings":{"home_page_full_width":true,"section_title":"\"Where small things make your brilliance shine\"","text":"","text_size":"large"}}},"content_for_index":["featured-collections","1529845986513","featured-products","1529377531442","1529378374611","1529728330853","image-content","1529580556896"]},"presets":{"Snowboards":{"checkout_accent_color":"#006eff","checkout_banner_background_color":"#fff","checkout_button_color":"#006eff","checkout_call_to_action_color":"#006eff","checkout_use_header_image":false,"color_body_bg":"#f7f7f7","color_body_headings":"#030303","color_body_text":"#666","color_button_bg":"#006eff","color_button_text":"#fff","color_content_bg":"#fff","color_footer_bg":"#030303","color_footer_text":"#fff","color_header_bg":"#030303","color_header_links":"#fff","color_hero_bg":"#006eff","color_hero_text":"#fff","color_newsletter_input":"#1a1a1a","type_accent_family":"unica_one_n4","type_accent_spacing":true,"type_accent_transform":true,"type_base_family":"karla_n4","type_base_size":"16px","type_nav_size":"14px","type_nav_spacing":true,"type_nav_transform":true,"sections":{"slideshow":{"type":"slideshow","blocks":{"placeholder":{"type":"slide","settings":{}}},"block_order":["placeholder"],"settings":{}},"footer":{"type":"footer","blocks":{"linklist":{"type":"menu","settings":{}},"social":{"type":"social","settings":{}}},"block_order":["linklist","social"],"settings":{}},"featured-collections":{"type":"featured-collections","blocks":{"featured-collections-0":{"type":"collection","settings":{}},"featured-collections-1":{"type":"collection","settings":{}},"featured-collections-2":{"type":"collection","settings":{}}},"block_order":["featured-collections-0","featured-collections-1","featured-collections-2"],"settings":{}},"featured-products":{"type":"featured-products","settings":{"collection":"frontpage"}},"image-content":{"type":"image-content","blocks":{"image-content-0":{"type":"image_block","settings":{}},"image-content-1":{"type":"text_block","settings":{}}},"block_order":["image-content-0","image-content-1"],"settings":{}}},"content_for_index":["featured-collections","featured-products","image-content"]},"Outdoors":{"checkout_accent_color":"#f4743c","checkout_banner_background_color":"#fff","checkout_button_color":"#f4743c","checkout_call_to_action_color":"#f4743c","checkout_use_header_image":false,"color_body_bg":"#f7f7f7","color_body_headings":"#1a1a1a","color_body_text":"#666","color_button_bg":"#c04f1d","color_button_text":"#fff","color_content_bg":"#ffffff","color_footer_bg":"#213236","color_footer_text":"#fff","color_header_bg":"#213236","color_header_links":"#ffffff","color_hero_bg":"#f4743c","color_hero_text":"#fff","color_newsletter_input":"#425154","type_accent_family":"lora_n7","type_accent_spacing":false,"type_accent_transform":false,"type_base_family":"roboto_n4","type_base_size":"14px","type_nav_size":"15px","type_nav_spacing":false,"type_nav_transform":false},"Boxing":{"checkout_accent_color":"#d8232f","checkout_banner_background_color":"#fff","checkout_button_color":"#d8232f","checkout_call_to_action_color":"#d8232f","checkout_use_header_image":false,"color_body_bg":"#f0f0f0","color_body_headings":"#222222","color_body_text":"#666","color_button_bg":"#d8232f","color_button_text":"#fff","color_content_bg":"#ffffff","color_footer_bg":"#222222","color_footer_text":"#ffffff","color_header_bg":"#222222","color_header_links":"#ffffff","color_hero_bg":"#d8232f","color_hero_text":"#fff","color_newsletter_input":"#303030","type_accent_family":"open_sans_condensed_n7","type_accent_spacing":false,"type_accent_transform":true,"type_base_family":"source_sans_pro_n4","type_base_size":"17px","type_nav_size":"14px","type_nav_spacing":true,"type_nav_transform":true}}}